customer_id,total_deposits,num_deposits,avg_deposit,max_deposit,segment
1,43850.24965111774,251,174.7021898450906,911.839602167699,high_frequency_regular
2,43669.02507362282,252,173.28978203818582,680.9124970683009,high_frequency_regular
3,63228.74226033273,254,248.93205614304225,1405.11072450374,high_frequency_regular
4,13318.437415666865,266,50.069313592732584,259.7487853046717,high_frequency_regular
5,20735.160922493076,261,79.4450610057206,601.1885647919,high_frequency_regular
6,42171.91675177136,255,165.38006569322098,1185.641387519793,high_frequency_regular
7,13553.857457614586,266,50.954351344415734,213.2266244172147,high_frequency_regular
8,25185.05157091264,269,93.62472702941503,580.0840443561435,high_frequency_regular
9,21555.749574480604,269,80.13289804639629,335.7761643753835,high_frequency_regular
10,18368.094744956903,259,70.91928472956333,277.6335265008669,high_frequency_regular
11,16104.268014324172,246,65.46450412326898,345.4131661290231,high_frequency_regular
12,35407.234760958985,255,138.85190102336853,408.6059075356034,high_frequency_regular
13,44643.65024127629,256,174.38925875498552,752.4782122475606,high_frequency_regular
14,13012.133654509504,256,50.82864708792775,281.36557358907106,high_frequency_regular
15,13763.39960048767,239,57.58744602714506,164.4620800028792,high_frequency_regular
16,44989.87922470886,257,175.05789581598776,1033.7328527161,high_frequency_regular
17,37480.53685976546,250,149.92214743906183,539.7146405374905,high_frequency_regular
18,30271.46189135409,244,124.0633684071889,949.5130664459891,high_frequency_regular
19,19635.15830294151,238,82.5006651384097,361.87290286265034,high_frequency_regular
20,15425.268302917748,248,62.198662511765114,255.6656676398129,high_frequency_regular
21,42188.95006429161,243,173.61707845387494,1585.801298974142,high_frequency_regular
22,28422.954799152234,260,109.31905691981629,398.36533134329204,high_frequency_regular
23,41760.263164137126,250,167.04105265654852,584.3911505778534,high_frequency_regular
24,48044.78240562275,236,203.5795864645032,1531.6454380077957,high_frequency_regular
25,43879.55837975983,264,166.21044840818115,1512.6101352619944,high_frequency_regular
26,28299.081570921684,266,106.3875247027131,558.3616017532908,high_frequency_regular
27,48771.590892693595,277,176.0707252443812,1092.2448151823908,high_frequency_regular
28,10001.84441962168,261,38.321242987056245,188.5747639544821,high_frequency_regular
29,19557.404081373406,254,76.99765386367484,412.69508151260027,high_frequency_regular
30,26060.41421347317,266,97.97148200553823,379.5946138420862,high_frequency_regular
31,18886.55533913485,273,69.18152138877235,138.39101550234355,high_frequency_regular
32,15865.793233646697,256,61.9757548189324,294.8440043752293,high_frequency_regular
33,30613.33077125697,258,118.65632081882545,647.7200288137512,high_frequency_regular
34,27167.864758483087,260,104.49178753262724,278.59701748099883,high_frequency_regular
35,10398.888166668155,253,41.10232476943935,200.11589302643694,high_frequency_regular
36,39397.31368453294,260,151.52812955589596,1047.6219297086986,high_frequency_regular
37,18919.05396590469,256,73.9025545543152,424.16671127534005,high_frequency_regular
38,9567.180809671207,257,37.22638447342882,230.60428240927976,high_frequency_regular
39,31012.223517506973,249,124.54708239962638,981.1740653001528,high_frequency_regular
40,28673.765199074332,245,117.03577632275238,584.1373968959537,high_frequency_regular
41,19597.464979892964,265,73.95269803733194,457.4309828907526,high_frequency_regular
42,12168.272693130892,247,49.26426191550968,219.95078127459567,high_frequency_regular
43,17523.32588393553,261,67.13917963193691,230.09753445521,high_frequency_regular
44,54434.92118969609,248,219.495649958452,948.3277580769264,high_frequency_regular
45,17336.398769309042,247,70.18784926845767,460.145047815493,high_frequency_regular
46,21396.559165637194,260,82.29445832937382,455.6038489938555,high_frequency_regular
47,17035.328917650117,255,66.80521144176515,382.59685800678625,high_frequency_regular
48,11987.891117549887,271,44.23576058136489,221.70633589228896,high_frequency_regular
49,25683.03151405787,242,106.12822939693336,524.1030004616034,high_frequency_regular
50,15739.355315642977,247,63.7220862981497,559.8952863431102,high_frequency_regular
51,23883.631054697533,256,93.29543380741224,552.3710949509876,high_frequency_regular
52,31788.19539542007,271,117.29961400524012,522.2912666443475,high_frequency_regular
53,23610.005160447367,258,91.51164790871074,603.3449410976511,high_frequency_regular
54,18721.235560891964,236,79.3272693258134,197.0351269007573,high_frequency_regular
55,17363.503676013206,252,68.90279236513177,362.5698860470229,high_frequency_regular
56,28158.244670639582,276,102.02262561825937,369.3743104067362,high_frequency_regular
57,39911.60950181959,258,154.69616085976585,677.7864264188607,high_frequency_regular
58,30764.06833691943,261,117.8699936280438,429.49822751517206,high_frequency_regular
59,59683.962081183185,244,244.60640197206223,1385.2925276108435,high_frequency_regular
60,21801.5563808233,258,84.50215651481899,204.2779600200156,high_frequency_regular
61,25535.2477707044,244,104.65265479796886,980.9590402634029,high_frequency_regular
62,44652.667645620844,253,176.49275749257254,701.3347390714184,high_frequency_regular
63,28473.06323962978,265,107.4455216589803,545.0009944447762,high_frequency_regular
64,9253.446562363491,265,34.91866627306978,144.8218118512319,high_frequency_regular
65,21593.951276935903,259,83.37432925457878,391.5651350885803,high_frequency_regular
66,59115.67125795171,249,237.41233436928397,1226.0039178778175,high_frequency_regular
67,5022.414972128732,252,19.930218143367984,84.18050403021509,high_frequency_regular
68,48018.954061326105,257,186.84417922694982,646.6122938503717,high_frequency_regular
69,34445.72434259469,254,135.6130879629712,442.81712446000614,high_frequency_regular
70,3590.6977822768904,268,13.398126053271978,41.2788452877622,high_frequency_regular
71,58345.489351683,241,242.09746618955603,1094.4987814182505,high_frequency_regular
72,74355.92191936239,248,299.8222658038806,1175.3566450487936,high_frequency_regular
73,155889.97766470176,253,616.1659196233271,2591.51710716143,high_frequency_regular
74,18329.176398429947,257,71.31975252307372,187.00191668233495,high_frequency_regular
75,55905.707731013674,255,219.23806953338695,1384.4013336824687,high_frequency_regular
76,16132.896046464955,242,66.66485969613618,259.44122120175,high_frequency_regular
77,15795.170317209986,252,62.67924729051582,266.91798302144474,high_frequency_regular
78,29131.90378922539,270,107.89593996009403,459.98173828374223,high_frequency_regular
79,10918.399967171428,255,42.81725477322129,245.73482783762807,high_frequency_regular
80,63376.26087237796,256,247.56351903272642,1227.2724422686847,high_frequency_regular
81,57724.046708055044,239,241.5232079834939,1592.9809866299815,high_frequency_regular
82,58119.259644888785,267,217.67512975613778,1869.304363994407,high_frequency_regular
83,40728.35023501859,255,159.71902052948462,757.5166400262775,high_frequency_regular
84,35696.01357487178,253,141.09096274652876,678.2915818950037,high_frequency_regular
85,72989.46511947371,247,295.5039073662903,1191.674757107315,high_frequency_regular
86,11503.76151306449,254,45.290399657734206,308.4373754020198,high_frequency_regular
87,18224.20050746966,265,68.77056795271568,351.5156808080545,high_frequency_regular
88,34331.249910867955,249,137.87650566613632,1013.2005907398318,high_frequency_regular
89,10526.189580061364,272,38.69922639728443,160.33132010188166,high_frequency_regular
90,9535.237044454252,242,39.401805968819225,117.87503210675365,high_frequency_regular
91,24324.946818011245,257,94.64959851366244,380.57446985613893,high_frequency_regular
92,13887.49018933784,267,52.013071870179175,333.9284368127709,high_frequency_regular
93,50755.01244416427,243,208.8683639677542,786.3945849850564,high_frequency_regular
94,22648.248367645687,263,86.11501280473644,270.96727896470645,high_frequency_regular
95,95998.81561002537,246,390.2390878456316,2157.0819443760142,high_frequency_regular
96,59139.94200945831,250,236.55976803783324,942.5899933889622,high_frequency_regular
97,26717.64014648309,256,104.36578182219958,668.2885682804562,high_frequency_regular
98,39778.45918893365,265,150.10739316578739,428.1093690591668,high_frequency_regular
99,21868.186270704104,258,84.76041190195387,239.01970637799155,high_frequency_regular
100,45060.42024222297,266,169.4000760985826,1092.1636503421573,high_frequency_regular
101,7763.004287329347,250,31.05201714931739,189.93844623155985,high_frequency_regular
102,54119.74125819307,274,197.5173038620185,877.434397459784,high_frequency_regular
103,50041.76347245609,261,191.7308945304831,1097.6694064861197,high_frequency_regular
104,65802.38762667442,259,254.06327268986263,899.0825626520366,high_frequency_regular
105,16153.78873372492,268,60.275331095988506,326.2369122100981,high_frequency_regular
106,22023.915990333713,244,90.2619507800562,456.3304172725735,high_frequency_regular
107,45385.18158014106,266,170.62098338398897,905.3858548238849,high_frequency_regular
108,6461.818860482731,265,24.38422211502918,104.83334943365278,high_frequency_regular
109,8324.083790800936,252,33.03207853492436,168.19322639600483,high_frequency_regular
110,21121.347927222057,250,84.48539170888823,712.9013435625704,high_frequency_regular
111,37114.528101556134,269,137.97222342585923,816.2165095523605,high_frequency_regular
112,36347.818762778785,245,148.35844392970932,645.5716232605077,high_frequency_regular
113,16358.873362160955,242,67.59865025686346,384.1955982857105,high_frequency_regular
114,68831.68106449759,264,260.72606463824843,1541.3107759587065,high_frequency_regular
115,73715.82284275602,237,311.03722718462456,1543.179690853861,high_frequency_regular
116,14682.453807771848,265,55.40548606706358,260.25754831762225,high_frequency_regular
117,14656.443341361648,250,58.62577336544659,161.39837551646687,high_frequency_regular
118,32964.9865119951,272,121.19480335292316,718.0154335248084,high_frequency_regular
119,43835.4240959081,255,171.90362390552198,574.5185206431705,high_frequency_regular
120,109042.98607431776,259,421.01539024833113,1157.2119602439393,high_frequency_regular
121,3772.7858105107866,264,14.290855342843889,123.57404819855202,high_frequency_regular
122,43072.43195838593,262,164.398595261015,842.1963393769463,high_frequency_regular
123,32578.71315842407,245,132.97433942213905,715.8312389795801,high_frequency_regular
124,20478.764491371105,255,80.30888035831806,710.1917179012978,high_frequency_regular
125,15280.916636917718,259,58.999678134817444,293.046595292103,high_frequency_regular
126,31142.256025907325,255,122.1264942192444,897.6673318511207,high_frequency_regular
127,34575.109793481446,253,136.6605130177132,880.8504441412767,high_frequency_regular
128,112391.32141703348,272,413.2033875626231,2840.785470866441,high_frequency_regular
129,9431.179394991745,265,35.58935620751601,201.49149020596087,high_frequency_regular
130,41695.75791670178,254,164.15652723110938,844.4328194235532,high_frequency_regular
131,20631.120055485993,261,79.04643699419921,494.36411787822635,high_frequency_regular
132,37481.65602761941,254,147.56557491188744,697.9762487130475,high_frequency_regular
133,56625.87937276138,266,212.87924576226084,976.5371458688263,high_frequency_regular
134,8285.102480818106,274,30.237600294956593,86.33599042496229,high_frequency_regular
135,34909.11705784229,261,133.75140635188617,1080.225923226834,high_frequency_regular
136,8629.351906881056,263,32.81122398053633,234.26190723285015,high_frequency_regular
137,27598.434620545882,242,114.04311826671851,297.8815392662026,high_frequency_regular
138,43079.29934712953,258,166.97402847724624,706.9263043246683,high_frequency_regular
139,52505.703536649475,252,208.35596641527573,1383.5420624042513,high_frequency_regular
140,11246.176815656769,258,43.589832618824694,92.0909066523183,high_frequency_regular
141,14319.438541902577,236,60.67558704196007,203.9767583155324,high_frequency_regular
142,37453.300719307175,258,145.16783224537667,905.5761962959948,high_frequency_regular
143,9264.860892129827,263,35.227607954866265,175.14977733189693,high_frequency_regular
144,26487.454640130523,262,101.09715511500201,586.7653067416454,high_frequency_regular
145,32431.517410068234,251,129.20923270943518,867.7999319423284,high_frequency_regular
146,27924.22781281678,264,105.77359020006357,395.9850784706698,high_frequency_regular
147,14176.605923132343,245,57.86369764543814,233.96491749649377,high_frequency_regular
148,43644.790818223264,262,166.5831710619209,867.8894335348731,high_frequency_regular
149,43594.328213130786,239,182.40304691686524,1158.2013740380053,high_frequency_regular
150,21760.233192108313,244,89.18128357421439,319.3094951889906,high_frequency_regular
151,5771.674644887892,107,53.94088453166254,266.6626882872059,medium_frequency_stable
152,4046.212562581633,111,36.452365428663356,94.65890932237245,medium_frequency_stable
153,29032.458857332713,99,293.25716017507796,878.5684602843779,medium_frequency_stable
154,20016.55963011971,103,194.33553038951175,938.395905691213,medium_frequency_stable
155,43635.755611582594,99,440.76520819780404,2288.4198392329236,medium_frequency_stable
156,40630.16985355903,102,398.33499856430427,1687.3633973110593,medium_frequency_stable
157,18865.955348703123,100,188.65955348703122,576.8166777125233,medium_frequency_stable
158,57656.35362170846,91,633.5863035352579,3795.4631857533427,medium_frequency_stable
159,17990.213736890975,121,148.6794523709998,418.99127634204564,medium_frequency_stable
160,21483.91035069913,112,191.82062813124224,1558.9234749663483,medium_frequency_stable
161,39834.100874344884,117,340.4624006354264,1354.2990504383206,medium_frequency_stable
162,35643.21725695873,107,333.11417997157685,1682.5114609254726,medium_frequency_stable
163,51063.852009341106,118,432.74450855373817,1743.241571123259,medium_frequency_stable
164,31062.433661829364,113,274.88879346751645,1038.1046740900665,medium_frequency_stable
165,11137.390273080722,108,103.12398401000668,515.5525873755217,medium_frequency_stable
166,18427.02057007711,123,149.8131753664806,406.85679015851827,medium_frequency_stable
167,36568.79801204585,112,326.50712510755227,1099.27910293764,medium_frequency_stable
168,17484.517260319943,100,174.84517260319947,512.9537489679498,medium_frequency_stable
169,44392.095881716676,115,386.0182250584059,1465.9385717653206,medium_frequency_stable
170,12842.28828909814,122,105.2646581073618,354.17572660213864,medium_frequency_stable
171,26812.521201822783,105,255.35734477926457,721.3243620039982,medium_frequency_stable
172,39663.71298716727,114,347.92730690497604,904.6364028895907,medium_frequency_stable
173,15744.596635329102,103,152.86016150804954,478.6257035835362,medium_frequency_stable
174,30074.826771738855,117,257.0498014678535,850.5348009457837,medium_frequency_stable
175,15247.082359140662,113,134.92993238177579,793.5450032032378,medium_frequency_stable
176,25365.377889467025,116,218.66705077126747,775.4461984359658,medium_frequency_stable
177,8850.74176499602,108,81.95131263885204,404.03234927696377,medium_frequency_stable
178,45469.05314987655,111,409.6311094583472,1648.675855416106,medium_frequency_stable
179,27713.025174334045,96,288.67734556597964,720.9087603268788,medium_frequency_stable
180,19696.877063017477,98,200.988541459362,695.1086752956586,medium_frequency_stable
181,92010.82420255474,112,821.5252160942388,3748.227427192726,medium_frequency_stable
182,14998.785609755498,106,141.4979774505236,430.01840835539895,medium_frequency_stable
183,18136.594916849772,87,208.46660823965252,515.471935872768,medium_frequency_stable
184,47319.72595030699,101,468.5121381218515,1161.643137136637,medium_frequency_stable
185,51964.58520319698,108,481.1535666962684,1232.743901145941,medium_frequency_stable
186,49508.05437650122,99,500.08135733839623,999.4508022764765,medium_frequency_stable
187,9437.36154887789,90,104.85957276530989,200.01459201729517,medium_frequency_stable
188,11325.326271574546,118,95.97734128453006,536.6065756167144,medium_frequency_stable
189,36889.07694959988,116,318.0092840482749,1820.4029281980752,medium_frequency_stable
190,35462.03769659536,113,313.82334244774654,1968.137415581669,medium_frequency_stable
191,58908.1425306074,102,577.530809123602,2739.7374101171617,medium_frequency_stable
192,10683.90455939664,118,90.5415640626834,247.13350634718998,medium_frequency_stable
193,8215.06560041059,100,82.1506560041059,512.9537881543848,medium_frequency_stable
194,30456.57349558116,115,264.8397695267927,1399.5833242218441,medium_frequency_stable
195,40019.232684198156,104,384.800314271136,2207.0887001679457,medium_frequency_stable
196,17528.34029926275,100,175.2834029926275,710.5340775698721,medium_frequency_stable
197,19444.42998814679,110,176.76754534678898,399.83550023713076,medium_frequency_stable
198,3494.4349046576453,108,32.35587874683005,100.38798365076137,medium_frequency_stable
199,19660.647445332153,111,177.12294995794733,584.6469011631455,medium_frequency_stable
200,22663.47402478186,127,178.4525513762351,753.175188291284,medium_frequency_stable
201,60973.94697675731,125,487.7915758140585,1364.8783204784374,medium_frequency_stable
202,13790.680930880717,95,145.16506243032333,309.38425531912577,medium_frequency_stable
203,15198.484286203717,99,153.52004329498706,545.4568522728488,medium_frequency_stable
204,16904.840314529367,100,169.04840314529366,1040.634523573996,medium_frequency_stable
205,11759.430479114024,94,125.10032424589387,517.7988148194977,medium_frequency_stable
206,9036.05469849805,101,89.46588810394111,238.82072107357246,medium_frequency_stable
207,21121.71783638531,96,220.01789412901363,1032.666558826811,medium_frequency_stable
208,5065.256346712825,117,43.2927892881438,167.4035311306214,medium_frequency_stable
209,31403.574697655586,122,257.40634998078355,846.5216814440402,medium_frequency_stable
210,73887.20246260171,107,690.5346024542216,4697.461465085464,medium_frequency_stable
211,14044.208141388724,116,121.07075983955797,997.0279742438854,medium_frequency_stable
212,53114.24082076332,112,474.2342930425297,1897.1002509332648,medium_frequency_stable
213,97778.33875942006,114,857.704725959825,2514.9619226033606,medium_frequency_stable
214,23669.7857421515,129,183.48671117946898,652.7596768112032,medium_frequency_stable
215,46577.49126078162,112,415.87045768555026,1407.2022338136924,medium_frequency_stable
216,23800.553010637075,107,222.4350748657671,631.358811364823,medium_frequency_stable
217,3170.398428362758,107,29.629891853857554,158.322303318826,medium_frequency_stable
218,32414.204406387904,109,297.37802207695324,803.636092269985,medium_frequency_stable
219,7412.120579966156,112,66.17964803541211,292.9966198245275,medium_frequency_stable
220,18026.433104543437,106,170.06068966550413,538.7766897455983,medium_frequency_stable
221,3981.291935951631,108,36.86381422177436,139.84785232152302,medium_frequency_stable
222,9383.79013854918,105,89.36942989094457,457.0615423687706,medium_frequency_stable
223,18325.67927830128,100,183.2567927830128,1232.5991503963041,medium_frequency_stable
224,9216.348410696286,126,73.14562230711337,304.06853468437146,medium_frequency_stable
225,15913.667942718152,110,144.66970857016503,328.93518360710937,medium_frequency_stable
226,24110.035267703613,106,227.45316290286428,1198.2437123535312,medium_frequency_stable
227,22625.032104147904,107,211.44889816960662,468.93828454411187,medium_frequency_stable
228,1278.1594291487202,109,11.726233294942388,40.37076410261291,medium_frequency_stable
229,22538.055954862262,113,199.45182260940055,902.6729290100163,medium_frequency_stable
230,24134.74823305745,114,211.7083178338373,889.0858860648551,medium_frequency_stable
231,11043.08151964826,102,108.26550509459076,384.69144898210277,medium_frequency_stable
232,28217.59647337142,115,245.37040411627322,808.0559991868042,medium_frequency_stable
233,4931.723467245068,109,45.24516942426667,153.21193640593307,medium_frequency_stable
234,18333.130223306925,108,169.75120577136042,532.3264254266074,medium_frequency_stable
235,15479.330532205116,119,130.07840783365643,238.07720423690446,medium_frequency_stable
236,25372.847117583322,117,216.86194117592586,526.3855683400532,medium_frequency_stable
237,22842.978167286543,118,193.58456073971644,385.93683022785615,medium_frequency_stable
238,29209.84775546837,107,272.9892313595174,1228.146425671032,medium_frequency_stable
239,26847.31352508992,109,246.30562867054974,555.6709019162313,medium_frequency_stable
240,54806.63523228042,118,464.46301044305443,1328.9645325747856,medium_frequency_stable
241,55653.72716349246,132,421.6191451779732,2192.8615730679803,medium_frequency_stable
242,21075.801127689632,106,198.82831252537386,1166.6506204830357,medium_frequency_stable
243,44654.835552275545,105,425.28414811691005,1515.743091546033,medium_frequency_stable
244,29618.383485160222,116,255.3308921134502,1084.6817688997444,medium_frequency_stable
245,1490.9753881743457,123,12.121751123368664,36.26785541104259,medium_frequency_stable
246,10568.899261525838,98,107.84591083189628,878.8515266104454,medium_frequency_stable
247,56327.7807395844,136,414.17485837929706,2485.8392114220055,medium_frequency_stable
248,29427.528301404287,106,277.61819152268197,702.8301599327505,medium_frequency_stable
249,26106.206507503153,112,233.0911295312781,807.9087600675286,medium_frequency_stable
250,16788.570282948782,110,152.62336620862524,799.9124020614989,medium_frequency_stable
251,4725.79920922749,114,41.454379028311315,241.9219068652656,medium_frequency_stable
252,25348.076445470582,115,220.41805604757027,1165.953314702544,medium_frequency_stable
253,14215.387487720622,103,138.01347075456914,928.6269191191051,medium_frequency_stable
254,16092.814229989935,111,144.9803083782877,651.3599633702943,medium_frequency_stable
255,38174.35618840138,105,363.56529703239414,1493.6117347839445,medium_frequency_stable
256,46363.3225851951,120,386.3610215432925,1246.613453915767,medium_frequency_stable
257,52781.39268586712,111,475.5080422150191,1774.7159445546806,medium_frequency_stable
258,21907.466764493416,99,221.28754307569108,682.6872287245619,medium_frequency_stable
259,25834.85712835502,107,241.44726288182258,680.6622830690292,medium_frequency_stable
260,28573.138256579943,135,211.65287597466624,798.6492835910965,medium_frequency_stable
261,14123.271716738636,86,164.224089729519,861.4099130002651,medium_frequency_stable
262,43267.696877920236,114,379.54120068351085,1299.150821930583,medium_frequency_stable
263,24785.661031335378,98,252.91490848301405,758.7529286400658,medium_frequency_stable
264,25059.962200325863,110,227.8178381847806,551.5981123687532,medium_frequency_stable
265,24488.57920344163,106,231.02433210793987,831.89571353389,medium_frequency_stable
266,20529.52234510154,114,180.083529342996,954.5791808661394,medium_frequency_stable
267,6364.277649769851,111,57.33583468261129,157.7995899132278,medium_frequency_stable
268,21840.92220715575,114,191.58703690487502,702.1896303537591,medium_frequency_stable
269,49548.92669860662,108,458.78635832043176,1142.9200150952693,medium_frequency_stable
270,19754.09058031273,112,176.37580875279224,356.5674147063072,medium_frequency_stable
271,18324.24197105529,105,174.51659020052654,471.6946471188085,medium_frequency_stable
272,17664.377251228787,112,157.71765402882846,724.6990913719843,medium_frequency_stable
273,8352.94283537953,106,78.80134750358046,208.44802493378415,medium_frequency_stable
274,4908.006991644556,106,46.30195275136374,202.9248807047405,medium_frequency_stable
275,1529.4373054050463,118,12.961333096652933,37.80739406732621,medium_frequency_stable
276,110086.14038554936,124,887.7914547221724,3634.421777784901,medium_frequency_stable
277,22213.27092370199,108,205.67843447872212,1109.4986441686033,medium_frequency_stable
278,28024.398263413783,107,261.91026414405405,1136.4929256042808,medium_frequency_stable
279,5228.896611556463,115,45.46866618744751,285.4073246627508,medium_frequency_stable
280,8960.898067549308,91,98.47140733570667,281.6031738200895,medium_frequency_stable
281,30426.19015768926,108,281.7239829415672,1806.7833580562692,medium_frequency_stable
282,12931.418440393527,103,125.54775184848084,282.31498669527053,medium_frequency_stable
283,18892.555504423097,106,178.23165570210466,778.8066971447182,medium_frequency_stable
284,6418.000796383884,101,63.54456234043449,149.02057379418844,medium_frequency_stable
285,39012.356885921734,113,345.24209633559065,1464.0831852768472,medium_frequency_stable
286,6177.861024741993,108,57.20241689575919,152.2294216470167,medium_frequency_stable
287,30002.71791033238,118,254.26032127400322,1193.3208478400124,medium_frequency_stable
288,26277.65686551665,96,273.7255923491318,593.1945908983172,medium_frequency_stable
289,17118.75476204547,105,163.03575963852828,390.72842600532033,medium_frequency_stable
290,99615.51514106378,125,796.92412112851,4091.4670036755633,medium_frequency_stable
291,27224.213608710095,118,230.71367465008558,549.6688260316272,medium_frequency_stable
292,18609.426832608446,111,167.65249398746343,583.5565299845883,medium_frequency_stable
293,26273.026690940478,124,211.8792475075845,682.4615785338963,medium_frequency_stable
294,28931.428415871662,95,304.5413517460175,780.0865485731493,medium_frequency_stable
295,31121.666837517696,100,311.21666837517694,3062.407996052175,medium_frequency_stable
296,79608.28134559572,103,772.8959353941335,3573.5004364589618,medium_frequency_stable
297,40763.28233125317,118,345.4515451801116,1551.9833605176773,medium_frequency_stable
298,16913.885916128922,105,161.0846277726564,466.2536598227508,medium_frequency_stable
299,8324.208640751345,110,75.67462400683041,425.2892744256498,medium_frequency_stable
300,14656.361147702306,119,123.16269872018746,685.1449754124184,medium_frequency_stable
301,56174.88613598483,100,561.7488613598482,5624.410997048256,medium_frequency_stable
302,15670.926919381209,110,142.4629719943746,355.5661977428055,medium_frequency_stable
303,60914.25148158672,122,499.2971432916944,2399.5370937306106,medium_frequency_stable
304,4382.5280257283175,103,42.54881578377008,165.9990232874796,medium_frequency_stable
305,56357.237353819415,118,477.6037063883001,1785.0857157629318,medium_frequency_stable
306,5760.1073877391045,106,54.34063573338778,270.28127277837933,medium_frequency_stable
307,17419.711358294135,117,148.88642186576183,705.236211312762,medium_frequency_stable
308,53360.19163735669,116,460.0016520461784,3225.1029602166464,medium_frequency_stable
309,64325.678289448704,91,706.8755855983374,2901.1574384810438,medium_frequency_stable
310,32668.82459570191,123,265.6001999650562,1044.0835197681383,medium_frequency_stable
311,38119.43823604666,104,366.53305996198714,2533.3171081562937,medium_frequency_stable
312,45710.668925470985,100,457.1066892547099,1238.2051755815908,medium_frequency_stable
313,39625.52278504562,97,408.510544175728,1359.1204329031455,medium_frequency_stable
314,7726.4105976314195,119,64.9278201481632,264.21855824881055,medium_frequency_stable
315,6072.047273704856,111,54.70312859193563,143.78522683105396,medium_frequency_stable
316,20454.611548419103,113,181.01426149043454,401.30995672289043,medium_frequency_stable
317,5843.311476729623,95,61.50854186031182,136.90970356486858,medium_frequency_stable
318,12466.297968387726,120,103.88581640323105,507.3922425462956,medium_frequency_stable
319,6992.868770325906,123,56.8525916286659,288.1766160471836,medium_frequency_stable
320,13787.456008994332,114,120.94259657012572,427.59140162544236,medium_frequency_stable
321,13596.097140852431,103,132.00094311507215,579.9309494781492,medium_frequency_stable
322,9053.376104782592,102,88.75858926257442,308.32020741160215,medium_frequency_stable
323,7536.290820680605,103,73.16787204544278,333.1443242124568,medium_frequency_stable
324,6181.835396371907,107,57.774162582915025,337.18077417255864,medium_frequency_stable
325,24170.450055383895,109,221.74724821453114,792.8011348906185,medium_frequency_stable
326,89541.38662426568,113,792.401651542174,4256.584742513405,medium_frequency_stable
327,37813.954937115595,93,406.6016659904901,1297.1335237730664,medium_frequency_stable
328,22215.41861052625,117,189.87537273954064,1158.0991167525467,medium_frequency_stable
329,34867.54127963929,110,316.97764799672075,1656.4678012195811,medium_frequency_stable
330,19430.02589481301,103,188.6410281049807,792.3427813343085,medium_frequency_stable
331,5932.971731643116,99,59.929007390334505,300.7156971049771,medium_frequency_stable
332,18964.686046206065,105,180.6160575829149,667.3608037108899,medium_frequency_stable
333,52104.14882280142,113,461.09866214868515,1890.779437546265,medium_frequency_stable
334,18687.881669316328,108,173.0359413825586,618.5437410062858,medium_frequency_stable
335,37530.35814730279,111,338.1113346603854,852.0657549824059,medium_frequency_stable
336,51685.81113948605,110,469.8710103589642,3335.1844673799437,medium_frequency_stable
337,25462.177054486845,113,225.32900048218448,553.0418781458003,medium_frequency_stable
338,12582.158429302452,111,113.35277864236443,670.4223258294872,medium_frequency_stable
339,32532.966046885995,103,315.85403929015524,1151.0952984001676,medium_frequency_stable
340,23337.17457588495,107,218.10443528864437,513.1366393590354,medium_frequency_stable
341,45829.26058336611,109,420.4519319574872,1220.943866215808,medium_frequency_stable
342,26923.99297396887,112,240.39279441043632,1443.9015930549035,medium_frequency_stable
343,38379.3671573307,107,358.6856743675767,818.4802679352689,medium_frequency_stable
344,18470.69017620327,105,175.9113350114597,723.435818194488,medium_frequency_stable
345,10377.828348323139,95,109.24029840340147,244.42003085017117,medium_frequency_stable
346,12858.483804970601,106,121.3064509902887,449.3431840267982,medium_frequency_stable
347,65673.13164470259,117,561.3088174760906,2246.7491810133056,medium_frequency_stable
348,19354.04409321521,110,175.94585539286552,872.1956406515862,medium_frequency_stable
349,54708.06408247503,112,488.4648578792414,2517.3062795076444,medium_frequency_stable
350,17895.605423364086,107,167.2486488164867,794.3210459817906,medium_frequency_stable
351,26151.922559918698,108,242.1474311103583,993.6566000866187,medium_frequency_stable
352,71095.64091835078,120,592.4636743195898,2700.997267383161,medium_frequency_stable
353,19345.46995666248,118,163.94466064968205,527.0550002545973,medium_frequency_stable
354,10239.350846669631,100,102.39350846669633,272.25708380652424,medium_frequency_stable
355,23834.666879584867,106,224.85534792061196,448.15639810611157,medium_frequency_stable
356,9915.84934344908,109,90.97109489402823,226.3709367936589,medium_frequency_stable
357,4952.403695958983,110,45.02185178144529,104.31490708729032,medium_frequency_stable
358,9764.534217731563,105,92.99556397839584,337.59635262287765,medium_frequency_stable
359,19624.72381968079,129,152.12964201302935,374.428888130085,medium_frequency_stable
360,31286.429635093155,98,319.2492819907465,1285.7299705311475,medium_frequency_stable
361,25645.64578701926,116,221.08315333637296,735.0237991665562,medium_frequency_stable
362,50639.756470472865,106,477.73355160823456,1757.090668184824,medium_frequency_stable
363,6121.716448878337,108,56.68255971183645,219.02484661438285,medium_frequency_stable
364,32292.988671840158,104,310.5095064600015,758.1186699590704,medium_frequency_stable
365,19033.188716499597,123,154.7413716788585,974.9547275682722,medium_frequency_stable
366,39365.71987845169,107,367.90392409767935,1516.3433619666444,medium_frequency_stable
367,50448.49781264015,108,467.11572048740885,2138.314032645045,medium_frequency_stable
368,19463.08027888076,106,183.61396489510147,810.9981811803932,medium_frequency_stable
369,17165.018574007423,114,150.57033836848618,458.627286304711,medium_frequency_stable
370,39150.05933804767,122,320.90212572170225,1618.869727395428,medium_frequency_stable
371,22277.354657573756,108,206.27180238494222,538.8621801222797,medium_frequency_stable
372,31472.664456157065,109,288.7400408821749,1657.988812973902,medium_frequency_stable
373,19460.838397623495,106,183.5928150719198,921.2461193614172,medium_frequency_stable
374,13251.652701956213,122,108.62010411439519,389.4169720062004,medium_frequency_stable
375,21957.886492773127,118,186.0837838370604,1433.3118655789765,medium_frequency_stable
376,32993.65201218024,101,326.6698219027747,1519.0767983035191,medium_frequency_stable
377,16619.744451555212,108,153.8865226995853,783.3543540677738,medium_frequency_stable
378,49440.380624216195,106,466.418685134115,1033.7017216553745,medium_frequency_stable
379,6094.14031747786,116,52.53569239205051,242.75768297491828,medium_frequency_stable
380,87528.70050775418,124,705.8766169980177,2850.527041683903,medium_frequency_stable
381,51721.68964459339,123,420.5015418259626,2254.7343194763707,medium_frequency_stable
382,11457.865945157271,115,99.63361691441104,244.62241178581712,medium_frequency_stable
383,35711.676687060084,100,357.11676687060077,2329.0806823043667,medium_frequency_stable
384,32486.606673685394,120,270.7217222807116,1365.7621059463731,medium_frequency_stable
385,55523.42659518233,110,504.75842359256666,2770.962807469542,medium_frequency_stable
386,1812.482786844145,106,17.098894215510796,45.12808243603616,medium_frequency_stable
387,28891.205383490105,108,267.51116095824176,974.2582714389464,medium_frequency_stable
388,9668.82629399049,118,81.93920588127534,223.55980920533102,medium_frequency_stable
389,3597.3168759651694,105,34.2601607234778,234.3261111341697,medium_frequency_stable
390,13490.136309963635,112,120.4476456246753,503.39064276378,medium_frequency_stable
391,35098.825400747075,112,313.3823696495274,1654.3729041665617,medium_frequency_stable
392,25493.155776732063,105,242.7919597784006,933.6609354744409,medium_frequency_stable
393,37806.04231538578,105,360.0575458608169,747.0906753080241,medium_frequency_stable
394,35712.662939493755,109,327.63910953664,750.4041936528466,medium_frequency_stable
395,54777.11194695879,120,456.4759328913232,1657.2508178190515,medium_frequency_stable
396,6167.46846669234,122,50.553020218789676,135.30075470929822,medium_frequency_stable
397,9006.689618822402,99,90.9766628163879,293.013329730469,medium_frequency_stable
398,27507.099198968448,111,247.81170449521127,973.7126490954815,medium_frequency_stable
399,40761.399476217375,117,348.38802971125966,2450.749976146923,medium_frequency_stable
400,18920.953385438086,116,163.11166711584553,313.8838421462422,medium_frequency_stable
401,13239.28851824427,133,99.54352269356593,455.75905481245223,growing_users
402,62291.44747476802,134,464.86154831916434,2742.5561027274603,growing_users
403,39976.03910004201,148,270.1083722975811,644.7360383718841,growing_users
404,29522.865329251148,129,228.85942115698563,1160.7620251738704,growing_users
405,38381.35740602058,133,288.5816346317337,2037.3833921807977,growing_users
406,54861.00441547009,120,457.17503679558405,1362.8585146462028,growing_users
407,48269.35997884049,133,362.9275186378984,2234.1970260753674,growing_users
408,19731.215658969533,113,174.6125279554826,877.374172557143,growing_users
409,36499.371904049534,123,296.7428610085328,1357.3885384249204,growing_users
410,25999.41247271453,120,216.66177060595444,667.8554639984649,growing_users
411,25430.534591254076,124,205.08495638108124,1499.1030350219828,growing_users
412,18938.771274621162,131,144.57077308871115,525.7518914972068,growing_users
413,23927.376131737525,130,184.05673947490405,540.5286549634425,growing_users
414,61398.78683933736,138,444.9187452125896,2314.8484764941327,growing_users
415,25279.974626949595,130,194.46134328422767,522.7340192672489,growing_users
416,4067.6763767815214,122,33.34160964575018,68.26635259607691,growing_users
417,49838.60837883156,136,366.46035572670263,2248.2234418068942,growing_users
418,8970.396987555652,123,72.93005680939557,292.36414389082114,growing_users
419,6503.460091675441,125,52.02768073340353,264.79673230407997,growing_users
420,79055.02834814596,136,581.2869731481322,1219.765461005462,growing_users
421,10925.44249043729,126,86.7098610352166,240.6061289617402,growing_users
422,58090.03764529701,134,433.50774362161945,1685.7724140369378,growing_users
423,25792.296800147913,115,224.28084174041663,911.7207866012309,growing_users
424,19803.718731913283,119,166.4178044698595,722.1957386004455,growing_users
425,56831.72084489805,122,465.83377741719715,2733.385578569942,growing_users
426,20242.19578791144,139,145.627307826701,493.43534564424755,growing_users
427,38701.435103937394,117,330.7814966148495,1680.8641986567734,growing_users
428,35905.62374140858,118,304.28494696108964,1315.5477369028965,growing_users
429,41679.08970713879,138,302.0223891821651,982.9547465405178,growing_users
430,46152.79500075123,117,394.46833333975405,1899.9929482842253,growing_users
431,28156.07918253704,125,225.2486334602963,806.8699433225921,growing_users
432,39558.202001012716,124,319.01775807268325,1861.0234426376282,growing_users
433,42158.20888040078,134,314.61349910746856,2442.1739515974964,growing_users
434,57344.78789360761,132,434.4302113152091,1695.8840143437053,growing_users
435,13430.263682308161,128,104.92393501803251,261.1331523869229,growing_users
436,62537.656833017056,139,449.91120023753285,1117.73599714562,growing_users
437,27984.333068872184,115,243.3420266858451,1182.7248760586376,growing_users
438,60555.91536761037,133,455.3076343429351,1555.0732242757683,growing_users
439,18081.191911823862,123,147.00156025873056,997.159667623502,growing_users
440,34850.04552124902,119,292.8575253886472,1575.5720318258352,growing_users
441,38934.64041452648,145,268.51476147949296,556.6743745837442,growing_users
442,21667.238216765403,118,183.62066285394417,731.4868258220997,growing_users
443,7660.202762744836,118,64.9169725656342,260.7893406341549,growing_users
444,18167.566428561076,123,147.7037921021226,503.0961615480842,growing_users
445,35767.12512343508,125,286.1370009874806,1274.9694096038554,growing_users
446,40917.53121696847,129,317.19016447262385,1231.8169420235806,growing_users
447,63541.28225075788,125,508.3302580060631,2091.2346617676853,growing_users
448,36803.894390343725,121,304.1644164491217,1484.4097752229982,growing_users
449,18452.956933493788,131,140.8622666678915,830.9658475010325,growing_users
450,26845.124523709783,126,213.05654383896655,460.99778791748093,growing_users
451,15708.369372273977,127,123.68794781318093,733.7464979059014,growing_users
452,12252.451133416444,145,84.49966298907893,507.23392773311593,growing_users
453,131348.42780505994,137,958.7476482121164,2913.374504584552,growing_users
454,26117.71398749797,136,192.04201461395567,1214.8919529805971,growing_users
455,20730.935486692724,138,150.22417019342555,318.6849757009168,growing_users
456,10170.566678581581,120,84.75472232151317,238.6756628477331,growing_users
457,61348.40397155596,137,447.798569135445,1150.0449658624048,growing_users
458,49286.40127983159,118,417.6813667782337,2505.69496227625,growing_users
459,62413.85678004917,122,511.58899000040304,2592.1233677191585,growing_users
460,49376.686588824734,144,342.89365686683846,2434.8152809289654,growing_users
461,11329.286683015102,117,96.83151011124016,234.14051302707952,growing_users
462,27316.645592728717,129,211.75694257929237,524.328951855495,growing_users
463,173847.3400348586,144,1207.2731946865179,5552.290538325434,growing_users
464,51170.471317977004,136,376.2534655733603,1525.6567841774872,growing_users
465,19737.34597796871,130,151.82573829206703,423.9352534221238,growing_users
466,32873.81275036542,131,250.94513549897272,833.7332901895306,growing_users
467,20758.95887355986,148,140.2632356321612,428.43941212370197,growing_users
468,17024.15967178365,115,148.0361710589883,779.480740829839,growing_users
469,33448.78727541399,137,244.15173193732844,746.7262155937532,growing_users
470,5532.225921608591,113,48.95775151866009,293.3729327482147,growing_users
471,5074.967462317487,128,39.64818329935537,204.21856275550246,growing_users
472,6559.057076664509,123,53.32566728995536,167.16143890962627,growing_users
473,59269.63328611042,131,452.43994874893446,1165.5180798551955,growing_users
474,33368.73044589692,125,266.94984356717544,744.7344282432132,growing_users
475,7841.395040047785,125,62.73116032038228,225.66253267556576,growing_users
476,41485.57291168274,122,340.0456796039569,952.3756241930229,growing_users
477,39484.62074594851,124,318.4243608544234,3667.9458379477314,growing_users
478,21514.99393211906,129,166.78289869859736,875.0159976590563,growing_users
479,36899.62009560592,130,283.84323150466093,2353.172112304642,growing_users
480,11407.494139271814,120,95.06245116059844,299.4467801559487,growing_users
481,41309.692798362266,131,315.34116639971194,899.7923880444168,growing_users
482,29254.859959410962,118,247.92254202890646,1534.941633762688,growing_users
483,62319.35558404281,125,498.55484467234254,2602.1586049190696,growing_users
484,57805.82522359827,126,458.77639066347837,1657.5658777592866,growing_users
485,27445.199060539737,151,181.7562851691373,449.6249442885769,growing_users
486,33534.5078029048,135,248.40376150299852,1307.8064964542332,growing_users
487,31364.116189219025,112,280.03675168945557,944.2759175015536,growing_users
488,70443.90975201874,119,591.9656281682245,2315.718006846717,growing_users
489,3848.9235296385045,116,33.18037525550435,181.70879437131458,growing_users
490,11176.342967676197,125,89.41074374140958,417.2384075379912,growing_users
491,9514.503480122861,129,73.75584093118498,244.9933862689394,growing_users
492,50170.67517858122,128,391.9583998326658,1133.2154029515993,growing_users
493,45600.675812587375,142,321.13151980695335,1438.9501865536943,growing_users
494,37993.10618055995,120,316.6092181713329,1410.3748928469256,growing_users
495,105138.19919138483,125,841.1055935310786,2935.339030065655,growing_users
496,24827.053063453845,129,192.45777568568872,429.9864960201255,growing_users
497,16908.212354663658,131,129.0703233180432,892.3959544515633,growing_users
498,23708.837661718953,132,179.61240652817392,850.5849125973348,growing_users
499,7754.726943551707,113,68.62590215532484,201.08356272567192,growing_users
500,13470.152836437705,140,96.21537740312647,288.7993709413614,growing_users
501,24977.81092394574,130,192.13700710727494,688.1419852556536,growing_users
502,37184.13985171698,135,275.43807297568134,1493.2217916092254,growing_users
503,8215.974001577624,136,60.411573541011954,296.2659771566509,growing_users
504,30627.38636124037,103,297.3532656431103,1744.6352692269595,growing_users
505,66306.92950763716,134,494.827832146546,2348.5173827436943,growing_users
506,9387.416418261279,113,83.07448157753343,654.8433948110047,growing_users
507,20934.784928916786,131,159.8075185413495,595.2967353882768,growing_users
508,7310.281061868353,131,55.8036722280027,338.2430746687562,growing_users
509,11713.972653248122,128,91.51541135350097,470.5695952178076,growing_users
510,29429.976987772345,132,222.9543711194875,1046.6462874707909,growing_users
511,17895.703134223408,130,137.65925487864158,546.3298757866311,growing_users
512,28865.494514841725,137,210.69704025431915,1730.5882619891083,growing_users
513,9309.732454879459,120,77.58110379066216,283.0773476030616,growing_users
514,18740.714288781997,123,152.3635308031057,695.0253053612224,growing_users
515,11734.897849653948,120,97.7908154137829,192.10958573884747,growing_users
516,71102.82599035504,131,542.7696640485117,1619.8374058461272,growing_users
517,23407.42896853522,152,153.9962432140475,493.45117602083366,growing_users
518,16074.157841236312,156,103.03947334125841,395.1586983972632,growing_users
519,37144.38597847922,144,257.94712485055015,857.9459175364508,growing_users
520,31384.59723992484,128,245.19216593691283,694.4907070109821,growing_users
521,14909.13627860055,119,125.28685948403822,344.322815427075,growing_users
522,18969.05766761535,148,128.1693085649686,494.55113212646063,growing_users
523,9319.910684212344,125,74.55928547369875,215.54899044984913,growing_users
524,46262.426140551746,120,385.5202178379312,860.4677920232126,growing_users
525,13158.057694830972,131,100.44318851016008,360.4853757572325,growing_users
526,43742.862079391314,135,324.0212005880838,683.5110142101126,growing_users
527,10058.700531076693,136,73.9610333167404,184.81043359409657,growing_users
528,27536.88729911981,127,216.82588424503797,826.8022289947265,growing_users
529,40937.237551506354,123,332.82306952444185,1196.2471055025228,growing_users
530,48042.97247463701,134,358.52964533311206,1679.3629611750698,growing_users
531,74124.13965916117,112,661.8226755282249,2713.7505627564515,growing_users
532,31123.484880296455,132,235.78397636588227,849.3367585694166,growing_users
533,91105.85837546876,118,772.0835455548201,3606.026253690117,growing_users
534,22122.738711676582,126,175.57729136251254,888.3747341171384,growing_users
535,38936.9374692338,128,304.194823978389,1886.285929589916,growing_users
536,8579.332551231042,128,67.02603555649252,163.89286284533185,growing_users
537,10587.559035934062,131,80.82106134300811,366.70788027608023,growing_users
538,19249.726268926606,142,135.56145259807468,317.4591155958774,growing_users
539,15633.994583087038,125,125.07195666469632,348.19673717147907,growing_users
540,11715.281865345454,127,92.2463139003579,323.16012044114916,growing_users
541,18341.045465894025,119,154.12643248650434,513.1304513550443,growing_users
542,14676.487060770192,133,110.3495267727082,725.1027645508824,growing_users
543,13430.875497804755,123,109.19410973825005,387.7970661110886,growing_users
544,46218.73551672756,144,320.9634410883858,1247.1647006691992,growing_users
545,60079.45646166445,124,484.5117456585843,1314.5254339595174,growing_users
546,92837.91741119132,150,618.9194494079421,1497.8280395284887,growing_users
547,15315.41713180095,134,114.2941577000071,509.20324231936513,growing_users
548,58434.59667672754,142,411.5112442023065,2098.4737940164528,growing_users
549,10912.939269729084,137,79.65649101992031,238.03417217527956,growing_users
550,28014.853515879713,113,247.9190576626523,662.8920332542311,growing_users
551,77386.88466225505,125,619.0950772980401,3263.352372464212,growing_users
552,20264.77844059553,122,166.1047413163568,730.9017179289506,growing_users
553,15355.906946351586,113,135.89298182612023,409.69461278458266,growing_users
554,20997.80290318615,127,165.33703073374926,886.4899326181941,growing_users
555,64747.286579662454,122,530.715463767725,3029.160214646216,growing_users
556,31830.622584767094,130,244.85094295974687,1376.5330521126928,growing_users
557,48396.17688466324,137,353.25676558148353,2031.5982109451352,growing_users
558,15638.022464629614,124,126.1130843921743,997.3147208892575,growing_users
559,29195.65577425583,120,243.29713145213194,983.8663048731311,growing_users
560,43482.05617201856,125,347.85644937614853,1160.4420453381208,growing_users
561,7868.464398091595,111,70.88706664947384,192.54644669516273,growing_users
562,19694.18343367254,110,179.0380312152049,931.9365117513099,growing_users
563,9140.96279788103,140,65.29259141343594,419.4575326280454,growing_users
564,58911.595493636014,130,453.1661191818154,2312.60349548728,growing_users
565,21373.742666041242,126,169.63287830191462,752.7635610996346,growing_users
566,17235.574984747604,120,143.62979153956337,770.9515554485067,growing_users
567,63648.89378271699,116,548.6973601958362,2194.3036808758043,growing_users
568,23395.756210950003,139,168.3147928845324,621.3679681961545,growing_users
569,15528.01264965006,131,118.53444770725237,446.8614093890962,growing_users
570,13654.568797906843,132,103.44370301444579,1037.8801056677294,growing_users
571,11691.892299099229,131,89.25108625266587,348.7412215275883,growing_users
572,76366.83755797126,115,664.059457025837,4745.128873599088,growing_users
573,60993.07795918022,136,448.478514405737,2732.509603234448,growing_users
574,29244.645161760986,135,216.62700119822952,1044.4289612749794,growing_users
575,19471.90457681656,128,152.12425450637937,358.19980219299777,growing_users
576,2865.480805907256,110,26.04982550824778,101.61338604240406,growing_users
577,17339.3358727351,131,132.3613425399626,504.4828987896048,growing_users
578,60608.291724963645,130,466.2176286535666,2646.392526180581,growing_users
579,80354.45074971572,132,608.7458390129979,1288.5022707690152,growing_users
580,65735.3930424257,137,479.8203871709905,1229.344418049327,growing_users
581,24786.22802054045,110,225.3293456412768,1209.3267333637596,growing_users
582,7595.469204883726,120,63.295576707364376,384.17546481745825,growing_users
583,6286.013518844947,113,55.62843821986679,372.480921034074,growing_users
584,44931.58639389586,127,353.7920188495737,1547.9699214144873,growing_users
585,23504.673547674523,131,179.42498891354597,836.8695742584309,growing_users
586,40393.96942495055,125,323.15175539960444,916.844146687147,growing_users
587,22131.784906245663,133,166.4043977913208,607.902158898965,growing_users
588,10953.586201839777,130,84.25835539876749,286.11476840145485,growing_users
589,60047.079410937586,155,387.4005123286295,971.4783275319975,growing_users
590,10292.950558162724,117,87.97393639455319,302.73137733789747,growing_users
591,45057.015434884386,132,341.34102602185135,1668.6156165412922,growing_users
592,54131.369506669784,119,454.88545803924194,1963.8266881535494,growing_users
593,9389.149450517749,148,63.4401989899848,301.6703401549467,growing_users
594,8289.677695165461,132,62.800588599738354,202.46383140770584,growing_users
595,35764.37134196844,135,264.92126919976624,925.9183698043171,growing_users
596,17961.714539096378,107,167.8664910195923,562.7162428315387,growing_users
597,71916.35539006321,142,506.4532069722761,1707.0503274551413,growing_users
598,16176.511891243414,127,127.37410937986938,867.9544250187015,growing_users
599,31071.049214042745,115,270.18303664385,1395.3076977409235,growing_users
600,34828.651446330536,140,248.77608175950388,914.462710743745,growing_users
601,2118.0957059237508,93,22.77522264434141,85.91663419846392,declining_users
602,3452.916253265659,87,39.68869256627193,204.42528837036122,declining_users
603,10761.85090348708,92,116.97664025529436,761.9494451089848,declining_users
604,3372.5264760949262,108,31.227097000878942,113.8513131427472,declining_users
605,6525.180374506637,83,78.61663101815225,410.6221873733887,declining_users
606,17808.920138835798,97,183.59711483335875,1978.1475938359417,declining_users
607,9005.486407510267,88,102.33507281261667,414.43063479286604,declining_users
608,11300.339482198373,85,132.9451703788044,578.1473192323346,declining_users
609,9061.491920627343,91,99.57683429260814,455.70100750382016,declining_users
610,15537.625579232035,96,161.8502664503337,635.7126401728099,declining_users
611,7510.74902157134,73,102.88697289823753,337.7255101381595,declining_users
612,4421.315439124636,92,48.057776512224315,163.80121201143226,declining_users
613,2971.124960736902,82,36.2332312284988,124.44448174094316,declining_users
614,5137.73239496006,82,62.65527310926902,286.11421160574855,declining_users
615,26452.501159674033,94,281.4095868050429,1477.025483436382,declining_users
616,30210.00391837195,82,368.41468193136524,3234.9060556187137,declining_users
617,2229.5856798207483,94,23.718996593837748,99.84217458484304,declining_users
618,9090.818009147455,86,105.70718615287741,886.5422682882717,declining_users
619,11224.95056973813,99,113.38333908826392,425.5152005984097,declining_users
620,28487.163195825797,107,266.2351700544467,764.6204637606818,declining_users
621,3386.374943790846,88,38.4815334521687,153.88545949816677,declining_users
622,3823.658286731584,93,41.11460523367295,184.45554855955592,declining_users
623,64540.52081124105,97,665.3661939303202,2743.71790457153,declining_users
624,8522.270151737308,81,105.21321174984331,457.4135200882662,declining_users
625,8911.585900804863,84,106.09030834291508,377.6375688540146,declining_users
626,36496.48738088081,85,429.37043977506835,1779.5675996665595,declining_users
627,9774.857592980497,76,128.61654727605918,476.5867073536772,declining_users
628,6489.049631756763,96,67.59426699746628,313.7918804697883,declining_users
629,8810.018825261955,96,91.77102942981203,378.729819236539,declining_users
630,10212.09178841577,95,107.49570303595547,708.2721902389428,declining_users
631,8910.214334807737,85,104.82605099773807,1085.767650643508,declining_users
632,1064.0408579690313,115,9.25252919973071,30.673921050316252,declining_users
633,6541.290085399005,80,81.76612606748756,411.64744639976504,declining_users
634,3508.220522245576,91,38.551873870830505,121.76938729184491,declining_users
635,12724.223238906096,101,125.98240830600093,669.9104467464734,declining_users
636,19545.101090016775,86,227.26861732577638,1140.9732244570837,declining_users
637,8875.832667297507,81,109.578181077747,512.8321420617608,declining_users
638,18256.250200417075,71,257.1302845129166,889.9703887411425,declining_users
639,16343.963826980307,96,170.24962319771154,604.8530335441313,declining_users
640,10402.711380653554,101,102.99714238270845,318.97671745640156,declining_users
641,21760.096977614856,99,219.79895936984704,920.8142748848069,declining_users
642,3453.680748581514,107,32.277390173659,115.91877794069521,declining_users
643,13848.18932772217,89,155.59763289575474,631.8042926613915,declining_users
644,7393.75850348752,94,78.65700535625021,270.1504068787235,declining_users
645,21346.7756218399,87,245.36523703264254,1176.4394711852935,declining_users
646,5576.1693672455385,98,56.89968742087285,177.42787578836243,declining_users
647,14779.302479568893,116,127.40777999628355,450.4662197127166,declining_users
648,8391.362789770097,83,101.10075650325419,345.4447320691635,declining_users
649,5615.201035203421,76,73.88422414741345,248.92870259048485,declining_users
650,4133.005027275637,96,43.05213570078788,220.82958862781683,declining_users
651,6905.084830117993,73,94.59020315230126,374.9137748099694,declining_users
652,9318.196517487168,103,90.46792735424432,409.3245808555323,declining_users
653,9082.097786796898,85,106.84820925643413,478.08594371730084,declining_users
654,5102.982176446691,87,58.65496754536428,196.25374701459248,declining_users
655,6436.252040012014,77,83.58768883132485,476.58777109863007,declining_users
656,5869.863149472259,90,65.22070166080287,239.89502358126853,declining_users
657,8005.4859902553235,75,106.73981320340431,510.19512490605973,declining_users
658,2077.985742532879,101,20.574116262701775,117.28808357448398,declining_users
659,18810.45246664016,88,213.7551416663655,701.4786676590667,declining_users
660,6812.006357739546,90,75.6889595304394,305.18932532394814,declining_users
661,1637.1946873689783,86,19.03714752754626,68.94183941973368,declining_users
662,2694.452707371174,85,31.69944361613146,181.8333488932608,declining_users
663,9514.611060784571,103,92.37486466781137,709.596009331849,declining_users
664,16268.382596011805,100,162.68382596011804,1511.198872748432,declining_users
665,3248.671941770646,86,37.77525513686798,183.6494384195961,declining_users
666,10009.236011715451,97,103.18800012077784,437.0131845873,declining_users
667,3246.9108936224766,87,37.32081486922386,166.46151506937667,declining_users
668,674.8058785471867,87,7.756389408588353,23.712088232748304,declining_users
669,9685.306062515901,87,111.32535704041268,384.73739462005386,declining_users
670,15467.95869162009,89,173.79728866988867,632.9818041493742,declining_users
671,8794.598566358265,88,99.93862007225302,378.0241823127881,declining_users
672,9189.182956007478,94,97.75726548944127,340.83821345790045,declining_users
673,4126.826431517702,104,39.6810233799779,162.5491461923445,declining_users
674,7139.722737715032,92,77.60568193168513,305.8134346691009,declining_users
675,11921.385463320166,86,138.6207612013973,670.3180594893893,declining_users
676,18760.1459029544,86,218.14123142970232,720.3451816165806,declining_users
677,6328.6085744109605,97,65.24338736506145,258.65345221025797,declining_users
678,17968.58243745856,95,189.14297302587954,820.9531522015499,declining_users
679,15712.144159855554,77,204.05382025786434,737.8417323653349,declining_users
680,19648.095784163586,86,228.46623004841385,939.6729499797923,declining_users
681,13512.65646073532,96,140.7568381326596,455.7846169347093,declining_users
682,6727.5411551051475,90,74.75045727894607,293.33355820831645,declining_users
683,3599.5517869406244,103,34.947104727578875,125.22341713705896,declining_users
684,9889.894031050399,89,111.12240484326293,569.8422861790431,declining_users
685,6322.216646814385,94,67.25762390228067,432.0170892514719,declining_users
686,9649.588423654941,81,119.1307212796906,466.6656698114982,declining_users
687,21970.579869665227,106,207.2696214119361,1747.631061432009,declining_users
688,8565.840665422613,75,114.21120887230148,522.0671658361827,declining_users
689,13675.977477884131,87,157.19514342395553,505.68753051465876,declining_users
690,23309.497373120135,92,253.3641018817406,1362.1033610773686,declining_users
691,5450.873637502176,85,64.12792514708441,571.7953780616859,declining_users
692,3309.241087831434,88,37.60501236172084,151.08224226788803,declining_users
693,13458.419413924117,87,154.69447602211628,1510.5020311399794,declining_users
694,12147.88176949845,86,141.25443918021452,675.195824175487,declining_users
695,9059.933187660961,91,99.55970535891164,304.8495945453682,declining_users
696,4802.409358131018,95,50.551677454010715,386.52971207831007,declining_users
697,702.3401462298935,86,8.166745886394109,44.30955909859517,declining_users
698,15004.579827453728,92,163.09325899406224,588.1923396656176,declining_users
699,19247.98801857334,73,263.67106874757997,1101.2991379306352,declining_users
700,12132.896264880752,88,137.87382119182672,647.7408049953912,declining_users
701,1533.181902296185,94,16.31044576910835,63.255011945664016,declining_users
702,6862.704032131428,105,65.35908602029932,268.4218906308544,declining_users
703,5843.747302439887,81,72.1450284251838,323.04645408362865,declining_users
704,16710.841225475127,99,168.79637601490023,1371.3431817370556,declining_users
705,7595.093052027412,83,91.50714520514956,367.14368456128875,declining_users
706,6859.411713061121,93,73.75711519420561,280.84104840117107,declining_users
707,7059.58301266947,73,96.70661661191055,284.74459367451664,declining_users
708,2531.067719985878,90,28.122974666509755,132.7278790406885,declining_users
709,11645.91690193633,94,123.89273299932269,929.2684281523973,declining_users
710,9039.209690135416,98,92.23683357281037,343.8691060924906,declining_users
711,5054.796203147283,95,53.20838108576088,228.5236584653785,declining_users
712,6808.492922224872,91,74.81860354093266,367.2471412143588,declining_users
713,7481.462511689292,76,98.44029620643805,932.3525360542319,declining_users
714,7045.990579607466,89,79.16843347873557,321.0142281545984,declining_users
715,12004.410985069033,86,139.58617424498877,662.1397277743498,declining_users
716,26426.709499009045,103,256.5699951360101,1356.5441518956568,declining_users
717,1345.7447935178088,89,15.120728017054033,56.09612457099097,declining_users
718,30270.878077875237,98,308.8865109987269,1183.2332988624134,declining_users
719,8334.433132689739,87,95.79808198493953,428.32383629559774,declining_users
720,5326.442894029267,93,57.273579505691046,247.82960865094225,declining_users
721,6309.319821932202,83,76.01590146906268,316.73136758784733,declining_users
722,10969.94034886345,97,113.09216854498403,579.0502000420975,declining_users
723,1697.9511786091555,89,19.07810313043995,78.84117075920905,declining_users
724,16333.13390691941,95,171.92772533599376,594.6096660191307,declining_users
725,9107.426222280395,107,85.11613291850837,273.9936533492534,declining_users
726,16704.869878904326,95,175.84073556741396,714.7850464839383,declining_users
727,8112.2275961700325,88,92.18440450193219,305.62569339466717,declining_users
728,1321.17181504537,89,14.84462713534124,57.1471648969054,declining_users
729,15589.924187500637,97,160.7208679123777,633.877263319613,declining_users
730,2582.3203894610233,101,25.567528608524974,103.20091426925028,declining_users
731,11009.529241422717,81,135.92011409163848,1351.6015344823002,declining_users
732,7142.4797114641715,84,85.02952037457347,422.806807150078,declining_users
733,1620.3755038748752,93,17.423392514783604,68.81494312832359,declining_users
734,15630.552653069904,98,159.4954352354072,804.1014535131505,declining_users
735,10201.561005116708,97,105.17073201151246,363.11639356243336,declining_users
736,15832.22010894144,68,232.82676630796232,2409.073036190452,declining_users
737,12135.774130860607,88,137.9065242143251,498.8362412337791,declining_users
738,7246.821554421877,88,82.35024493661226,414.40191372553153,declining_users
739,4893.349783514434,99,49.427775591054896,164.24031329194207,declining_users
740,9594.112221055715,100,95.94112221055715,374.9440861046889,declining_users
741,17849.080256743793,90,198.32311396381988,1917.6471982395713,declining_users
742,9131.48571050402,99,92.2372293990305,440.9205902138971,declining_users
743,13775.033180397995,104,132.4522421192115,409.39339582698017,declining_users
744,3740.7705554961103,92,40.660549516262066,165.01356763084877,declining_users
745,8723.259007250257,92,94.8180326875028,334.4648076986769,declining_users
746,9054.468885738821,100,90.54468885738817,631.6535480537892,declining_users
747,6134.095868483151,96,63.89683196336616,200.2143354575816,declining_users
748,4062.48108981056,96,42.31751135219334,302.14155081085437,declining_users
749,13712.315788249862,101,135.76550285395902,468.61197029127504,declining_users
750,2761.747394382678,85,32.491145816266794,168.52938041823023,declining_users
751,9531.851641177798,28,340.42327289920706,651.0546187963614,sporadic_high_value
752,25230.710913489802,21,1201.4624244518952,2919.5165489221527,sporadic_high_value
753,6079.65537054946,22,276.3479713886118,526.5974914919314,sporadic_high_value
754,34738.09034627023,29,1197.865184354146,3491.848985463031,sporadic_high_value
755,30724.787434108486,30,1024.1595811369496,4018.2945883443417,sporadic_high_value
756,13190.328333009556,25,527.6131333203823,1214.9219950155855,sporadic_high_value
757,14438.520653790472,33,437.5309289027416,762.2127551629362,sporadic_high_value
758,21057.94010732431,28,752.0692895472966,1629.2569880582862,sporadic_high_value
759,14088.237956345642,26,541.855306013294,1388.7374660170756,sporadic_high_value
760,15965.550862978205,29,550.5362366544209,1124.7320524840748,sporadic_high_value
761,26046.21241299749,31,840.2004004192739,4201.676764284368,sporadic_high_value
762,8112.918761785472,26,312.0353369917489,557.356911569137,sporadic_high_value
763,13117.284570580312,23,570.3167204600137,940.890936835103,sporadic_high_value
764,31101.82474521294,28,1110.7794551861764,2055.7579093286854,sporadic_high_value
765,46758.344845596104,27,1731.7905498368928,7080.484204280032,sporadic_high_value
766,13964.3410016506,25,558.573640066024,1877.9841968742987,sporadic_high_value
767,24618.881112059604,21,1172.3276720028382,2186.083210118692,sporadic_high_value
768,13028.817046165608,30,434.2939015388536,1075.1523187381285,sporadic_high_value
769,11321.170380975882,26,435.42963003753397,834.0867993454569,sporadic_high_value
770,26577.85435111752,27,984.3649759673156,1599.094410304673,sporadic_high_value
771,15506.847567945553,32,484.5889864982986,939.4484345301285,sporadic_high_value
772,454.0929021411635,37,12.272781138950366,31.045973795128806,sporadic_high_value
773,16716.153691583728,25,668.6461476633492,1410.7313093138262,sporadic_high_value
774,16278.619738561862,28,581.3792763772093,1115.532808397576,sporadic_high_value
775,7685.249840629899,27,284.6388829862926,523.9919261810345,sporadic_high_value
776,6067.349996147088,31,195.720967617648,386.40723304797757,sporadic_high_value
777,2593.2034190079594,34,76.27068879435174,160.73857429907744,sporadic_high_value
778,18110.09394778329,29,624.485998199424,4554.615690171675,sporadic_high_value
779,7310.534801353673,38,192.38249477246507,366.94654978449535,sporadic_high_value
780,1890.3933507167174,25,75.6157340286687,148.4551671765619,sporadic_high_value
781,14671.692494893095,31,473.28040306106766,1092.498850945827,sporadic_high_value
782,13729.13809188282,24,572.0474204951174,1891.3597807667047,sporadic_high_value
783,12848.556334380904,27,475.87245682892234,1092.117649557342,sporadic_high_value
784,3243.634783669035,21,154.45879922233502,260.99163020795066,sporadic_high_value
785,11273.665968150348,23,490.1593899195804,1559.614424120036,sporadic_high_value
786,60122.33425116822,35,1717.7809786048063,3419.520893625195,sporadic_high_value
787,17687.278999207894,23,769.012130400343,1196.9232016753308,sporadic_high_value
788,24072.123897432895,29,830.0732378425137,2168.7252183532755,sporadic_high_value
789,3745.7055609241233,24,156.07106503850514,313.5162412173664,sporadic_high_value
790,5989.525013810487,28,213.9116076360888,498.12027435483236,sporadic_high_value
791,15294.650406580386,24,637.2771002741827,1317.248203812709,sporadic_high_value
792,13673.773827678311,30,455.7924609226104,1990.8273542366642,sporadic_high_value
793,14363.507680128518,18,797.9726488960288,1466.2103072527009,sporadic_high_value
794,9663.388971506327,33,292.829968833525,765.0911902263806,sporadic_high_value
795,6375.368431515989,27,236.1247567228144,492.72268533635895,sporadic_high_value
796,4393.182269512108,25,175.72729078048434,319.12012895097735,sporadic_high_value
797,1257.917457906725,29,43.37646406574914,103.2617276566515,sporadic_high_value
798,3351.553882351158,30,111.71846274503861,734.0775576643118,sporadic_high_value
799,26598.760666776976,34,782.3164901993227,3658.138279504143,sporadic_high_value
800,6794.816095676698,26,261.33908060294993,403.8234971067137,sporadic_high_value
801,31109.363816608202,33,942.7079944426728,1864.2888669724314,sporadic_high_value
802,47249.64196938851,26,1817.2939218995582,3438.434062571721,sporadic_high_value
803,10051.998337093311,29,346.6206323135624,1066.527941490654,sporadic_high_value
804,23976.939034696916,32,749.2793448342786,1441.55781480555,sporadic_high_value
805,14466.854813578208,25,578.6741925431284,1129.3124682324367,sporadic_high_value
806,27153.174031748476,33,822.8234555075295,1845.9526988418982,sporadic_high_value
807,17666.821419479056,32,552.0881693587205,2418.9812943767383,sporadic_high_value
808,11018.036728362622,26,423.77064339856247,840.1725347815346,sporadic_high_value
809,8404.86818868475,35,240.13909110527857,425.2544976132642,sporadic_high_value
810,31033.43345462805,26,1193.5935944087712,2778.7446235484053,sporadic_high_value
811,17275.699980155186,28,616.9892850055423,1236.282118109137,sporadic_high_value
812,20144.224717545778,36,559.5617977096049,1125.409342536985,sporadic_high_value
813,1040.3675745000048,28,37.1559848035716,54.1807582969253,sporadic_high_value
814,17289.558044260117,27,640.3540016392636,1382.5289492499962,sporadic_high_value
815,4017.1243470500494,31,129.5846563564532,211.6961807691627,sporadic_high_value
816,7862.9846630768425,22,357.40839377622007,560.2656883500246,sporadic_high_value
817,38444.118907888136,39,985.7466386637983,3017.6672943385174,sporadic_high_value
818,6286.616569285268,27,232.83765071426916,385.06297060729025,sporadic_high_value
819,3046.581527378184,34,89.60533904053482,303.0522405708585,sporadic_high_value
820,48778.80454988881,31,1573.5098241899616,3356.419201634407,sporadic_high_value
821,14318.565111004558,26,550.7140427309446,1475.6695942861202,sporadic_high_value
822,15088.819600210629,38,397.0742000055428,1001.8028705349362,sporadic_high_value
823,13047.649605690827,27,483.24628169225286,1028.6825497217014,sporadic_high_value
824,6741.867749494768,26,259.3026057497988,575.0448961240648,sporadic_high_value
825,4383.257900410605,26,168.5868423234848,425.84589428610553,sporadic_high_value
826,21030.617131789786,23,914.3746579039038,1454.056646121303,sporadic_high_value
827,10979.304817898153,29,378.59671785855693,566.5200999712616,sporadic_high_value
828,36745.45199792258,25,1469.8180799169036,5531.386062471454,sporadic_high_value
829,14627.87120236495,31,471.8668129795145,849.3997580500003,sporadic_high_value
830,25780.010901219925,24,1074.1671208841635,2392.1140195810217,sporadic_high_value
831,26371.9453857804,31,850.7079156703353,3777.9270085666085,sporadic_high_value
832,1257.0753632135015,24,52.3781401338959,179.38659324420743,sporadic_high_value
833,17532.183128884986,19,922.7464804676308,2215.3636600442123,sporadic_high_value
834,6154.434930449091,40,153.86087326122728,642.1787601460157,sporadic_high_value
835,22125.516303876906,27,819.4635668102559,1404.0529743372358,sporadic_high_value
836,48764.6423749381,29,1681.5393922392448,6859.214167924089,sporadic_high_value
837,23400.497250991335,27,866.6850833700495,1790.3385792664908,sporadic_high_value
838,76564.48609421267,30,2552.1495364737557,5479.55467386906,sporadic_high_value
839,4748.550913113755,25,189.9420365245502,492.5259106030145,sporadic_high_value
840,1326.6638172773953,19,69.82441143565238,134.36759595270962,sporadic_high_value
841,19940.697930419774,25,797.6279172167909,2085.879553792939,sporadic_high_value
842,19027.8545131165,35,543.6529860890429,1069.0938390844435,sporadic_high_value
843,15110.353759012207,36,419.7320488614502,1049.3029982289765,sporadic_high_value
844,8154.048528122276,24,339.75202200509483,707.3159134053642,sporadic_high_value
845,47759.045762442496,21,2274.240274402024,5688.187527802933,sporadic_high_value
846,6740.869633906874,34,198.26087158549632,434.7481865178198,sporadic_high_value
847,6462.937775993094,36,179.5260493331415,647.1267457624513,sporadic_high_value
848,10974.810896427834,30,365.82702988092785,789.8468415751984,sporadic_high_value
849,1205.229080825861,36,33.47858557849614,83.88153584934287,sporadic_high_value
850,15901.403634652243,31,512.9485043436207,1180.2405504679198,sporadic_high_value
851,37422.68191876709,134,279.27374566244094,1032.1722123981983,weekend_warriors
852,40571.51253210176,124,327.18961719436896,1976.2149011721033,weekend_warriors
853,60498.93891660936,116,521.542576867322,2189.9548404333327,weekend_warriors
854,34758.33694281022,112,310.34229413223414,725.0691162914707,weekend_warriors
855,18650.31788891663,111,168.02088188213185,770.427187054005,weekend_warriors
856,5116.294861771004,111,46.09274650244147,122.53808706108583,weekend_warriors
857,15710.998828275977,123,127.73169779086159,519.9628374432508,weekend_warriors
858,43202.202650496794,108,400.02039491200736,984.8967573631397,weekend_warriors
859,41419.895298321535,114,363.3324148975573,1449.2483972108882,weekend_warriors
860,22748.850177373104,124,183.45846917236375,415.6640903504784,weekend_warriors
861,34137.059141871156,113,302.09786851213414,1227.671191336689,weekend_warriors
862,5442.503404685707,111,49.03156220437573,131.82244480503982,weekend_warriors
863,52459.23510950821,117,448.36953085049754,2768.586845302735,weekend_warriors
864,75155.29051591219,120,626.2940876326015,2673.0155410540547,weekend_warriors
865,12173.963048942169,120,101.44969207451807,624.5134545715359,weekend_warriors
866,27102.474868506226,107,253.29415764959086,948.2582379195459,weekend_warriors
867,12873.623352600158,126,102.17161390952508,630.1034520969382,weekend_warriors
868,20530.624016331796,118,173.9883391214559,1074.431231003537,weekend_warriors
869,23372.581163023246,119,196.40824506742226,420.49983655008117,weekend_warriors
870,43518.93832934733,125,348.1515066347787,927.7730708685821,weekend_warriors
871,15198.680913503462,125,121.58944730802769,755.2502891229357,weekend_warriors
872,29527.696989699114,118,250.2347202516874,887.0145652663695,weekend_warriors
873,14962.326774224379,116,128.98557563986535,702.2918338045564,weekend_warriors
874,55795.031935558916,118,472.8392536911773,2387.532919813515,weekend_warriors
875,24856.714877816805,118,210.65012608319324,633.7407373431123,weekend_warriors
876,5453.2999913009835,103,52.944660109718285,147.60505812822058,weekend_warriors
877,19578.711607348723,115,170.24966615085847,715.8606128064354,weekend_warriors
878,33224.267836693085,115,288.90667684080944,1219.5352052209687,weekend_warriors
879,45587.512320457354,122,373.66813377424063,1406.2360885845335,weekend_warriors
880,72132.07209642841,116,621.8282077278311,4714.281331525819,weekend_warriors
881,65056.10368488902,110,591.419124408082,1460.018549320276,weekend_warriors
882,84697.66488546557,117,723.9116656877401,4768.107280415812,weekend_warriors
883,28024.342329096246,119,235.4986750344222,634.2842570555454,weekend_warriors
884,43730.4283353242,123,355.5319376855626,769.5084509234052,weekend_warriors
885,106278.19102861252,119,893.094042257248,1722.8569501582126,weekend_warriors
886,26563.096080481653,111,239.30717189623115,459.1715412427829,weekend_warriors
887,5804.740427855931,122,47.5798395725896,190.25580992888348,weekend_warriors
888,18507.520453228666,125,148.0601636258293,488.7776604593432,weekend_warriors
889,14360.618532146837,96,149.58977637652956,569.8138777898731,weekend_warriors
890,28405.656332002487,111,255.90681380182414,484.18095234034143,weekend_warriors
891,38195.618842322634,112,341.0323110921663,1253.3099920112143,weekend_warriors
892,1855.345591781091,115,16.133439928531224,48.935613389373195,weekend_warriors
893,10934.50530843802,107,102.191638396617,653.0491670318959,weekend_warriors
894,18074.624590006002,109,165.82224394500915,887.9580454929284,weekend_warriors
895,19094.77192433836,110,173.58883567580327,448.01569854628474,weekend_warriors
896,14697.295325388255,127,115.72673484557681,484.66638501893766,weekend_warriors
897,133610.36074176338,127,1052.050084580814,2491.9031863595246,weekend_warriors
898,33137.82737031695,126,262.99862992315036,814.0875166766187,weekend_warriors
899,33168.44350727887,112,296.14681702927567,860.7966019873621,weekend_warriors
900,23142.036537587726,107,216.28071530455819,1121.917312130291,weekend_warriors
901,76509.9858589964,104,735.6729409518884,2855.1027538312196,weekend_warriors
902,5826.688500317163,121,48.15445041584432,282.07871546446916,weekend_warriors
903,57177.456467940145,115,497.19527363426204,2380.5894160204484,weekend_warriors
904,26729.176830157645,115,232.42762461006652,463.66779310772534,weekend_warriors
905,37546.54179243749,121,310.3019982846073,1262.6658884489266,weekend_warriors
906,87336.9327204364,119,733.9238043734151,4247.332653401812,weekend_warriors
907,68288.92447220496,136,502.1244446485659,2010.8393054455898,weekend_warriors
908,125491.41512582454,110,1140.8310465984048,5946.065591846138,weekend_warriors
909,101237.74823759054,121,836.6756052693435,5635.2515861843,weekend_warriors
910,99469.89954906172,122,815.3270454841124,4807.8330830879295,weekend_warriors
911,81598.95184944048,127,642.5114318853582,2159.670941083989,weekend_warriors
912,94772.8083740686,121,783.246350198914,3669.052598196249,weekend_warriors
913,61799.21480136406,107,577.5627551529352,1579.9003111920786,weekend_warriors
914,50080.22008994333,130,385.2324622303333,1058.0609351327123,weekend_warriors
915,11256.781981325934,109,103.27322918647646,442.47431480560255,weekend_warriors
916,5786.148071151112,116,49.880586820268206,289.65435114550087,weekend_warriors
917,20345.070200315648,109,186.65202018638206,1138.7859408024901,weekend_warriors
918,34447.46373370591,109,316.03177737344873,1462.2663774355808,weekend_warriors
919,20860.83012493735,114,182.98973793804694,574.7752651783871,weekend_warriors
920,56870.617193578706,124,458.63400962563475,1626.9495462985883,weekend_warriors
921,65823.1353609031,102,645.3248564794422,2193.753314315304,weekend_warriors
922,17373.122093898,123,141.24489507234148,587.4746645963799,weekend_warriors
923,39806.953462612095,123,323.6337679887162,1908.0201403235717,weekend_warriors
924,36418.06932456809,120,303.4839110380674,956.3666066008968,weekend_warriors
925,82941.97167229015,121,685.4708402668607,3323.794452885976,weekend_warriors
926,29144.78214357582,109,267.38332241812674,2289.9945463929384,weekend_warriors
927,32153.142391064426,113,284.54108310676486,1351.2565069808425,weekend_warriors
928,13731.247458685686,122,112.55120867775153,349.66337140255104,weekend_warriors
929,64314.44880371864,125,514.5155904297492,1015.0282300017665,weekend_warriors
930,33701.7218664542,112,300.9082309504839,1184.3955470735282,weekend_warriors
931,13731.585995623613,121,113.48418178201332,425.61692410338554,weekend_warriors
932,4878.181555991559,118,41.34052166094542,97.75868182948219,weekend_warriors
933,45466.118144491964,118,385.3060859702708,1497.7227555346144,weekend_warriors
934,49973.04852541173,114,438.36007478431344,2051.434849559369,weekend_warriors
935,20127.544817406866,120,167.72954014505723,528.3768284950681,weekend_warriors
936,102266.32681315877,120,852.2193901096564,1955.8725082558358,weekend_warriors
937,28042.607338845835,114,245.9877836740863,1227.4630545032435,weekend_warriors
938,194118.2741307268,107,1814.18947785726,15503.19421771757,weekend_warriors
939,34337.60231408691,128,268.26251807880396,1328.8045493711459,weekend_warriors
940,14816.401820414378,114,129.96843702117874,540.9731406123811,weekend_warriors
941,29751.588032446307,105,283.3484574518696,611.1338684435132,weekend_warriors
942,31187.53393876472,118,264.3011350742772,1656.8680150237362,weekend_warriors
943,56952.099414721495,118,482.64491029424994,1034.1397140052495,weekend_warriors
944,15103.394829772942,94,160.67441308269088,412.32944934073174,weekend_warriors
945,63412.763161777475,121,524.0724228246072,2101.177059605516,weekend_warriors
946,60205.75874564269,123,489.4777133792089,1797.0530734730619,weekend_warriors
947,23346.03976276747,115,203.0090414153693,622.097973331834,weekend_warriors
948,21804.126872418226,118,184.78073620693408,926.0003555275298,weekend_warriors
949,43837.89309287278,115,381.19907037280683,773.7473326217655,weekend_warriors
950,52514.2106091829,123,426.944801700674,1594.0233158483145,weekend_warriors
951,1070.5625169979419,33,32.441288393877024,152.76800274029154,inactive_declining
952,1054.2306741710609,44,23.959788049342293,146.75433688073002,inactive_declining
953,195.0583967281147,31,6.292206346068216,27.43356456993882,inactive_declining
954,1530.510193460455,41,37.329516913669636,190.8103886542169,inactive_declining
955,619.0484503686703,37,16.73103919915325,121.82890223483835,inactive_declining
956,491.49601548346305,40,12.287400387086574,45.586821412056395,inactive_declining
957,223.81825970592612,35,6.394807420169319,24.403187616113367,inactive_declining
958,467.5841030594292,27,17.31792974294182,122.19521209536757,inactive_declining
959,1181.803503365848,38,31.100092193838105,144.0005857839795,inactive_declining
960,312.84907795467444,36,8.690252165407623,46.71922916066596,inactive_declining
961,489.64350571409665,33,14.837681991336261,69.08805827227347,inactive_declining
962,263.92003846811525,30,8.797334615603841,27.67118793042454,inactive_declining
963,954.1110829650999,28,34.075395820182145,259.38783946507493,inactive_declining
964,200.71142166962264,35,5.734612047703504,15.841989947126152,inactive_declining
965,192.63615660687458,32,6.019879893964831,15.858815015410894,inactive_declining
966,200.08629335236293,31,6.454396559753643,24.70751260114335,inactive_declining
967,579.997113130872,39,14.871720849509538,51.025341588694666,inactive_declining
968,311.03505207333035,30,10.367835069111011,30.610466561210867,inactive_declining
969,182.935565018074,30,6.097852167269133,19.164313159566277,inactive_declining
970,175.63039852565177,32,5.488449953926618,9.502286509761783,inactive_declining
971,393.2267409310599,32,12.288335654095622,55.90882192070546,inactive_declining
972,321.3167193901504,53,6.062579611134914,30.811307928248468,inactive_declining
973,368.2062750232769,42,8.766816071982783,50.416795737884506,inactive_declining
974,382.1491333475306,35,10.918546667072304,41.135713960932,inactive_declining
975,307.6203079031371,50,6.152406158062742,24.60968570924686,inactive_declining
976,610.2426691249465,31,19.685247391127305,69.55988120581442,inactive_declining
977,239.77715156759575,36,6.6604764324332155,17.88182672059256,inactive_declining
978,158.85636511123894,24,6.619015212968289,19.358323781582893,inactive_declining
979,677.2909855601757,38,17.82344698842568,74.54202642434244,inactive_declining
980,306.23389495519325,47,6.5156147862807074,19.93583410798877,inactive_declining
981,271.0794644639968,34,7.972925425411671,61.80215275658424,inactive_declining
982,894.7876158078552,33,27.11477623660167,91.66609565332905,inactive_declining
983,1096.4178529733936,37,29.632914945226855,130.2910892369028,inactive_declining
984,347.0391427889558,36,9.639976188582105,41.93654328135792,inactive_declining
985,153.37301414902626,26,5.898962082654856,14.76331738770811,inactive_declining
986,219.38708867489208,37,5.9293807749970835,15.456714763805566,inactive_declining
987,234.50950481367283,36,6.514152911490912,24.276547747673302,inactive_declining
988,261.0518131266667,37,7.055454408828829,24.65044776127704,inactive_declining
989,314.81909768364085,33,9.539972657080025,39.804266706654595,inactive_declining
990,431.5558300912567,34,12.692818532095785,58.78908092399647,inactive_declining
991,304.9913290921135,43,7.092821606793337,34.35600588806199,inactive_declining
992,709.9177038913245,38,18.682044839245382,107.88535378984932,inactive_declining
993,303.16158363941764,41,7.394184966815065,38.04994636769597,inactive_declining
994,219.49960875834273,32,6.85936277369821,21.605601435328644,inactive_declining
995,1011.9439621617672,38,26.63010426741493,94.14197047672694,inactive_declining
996,627.8566275515359,37,16.969098041933403,62.37259246536608,inactive_declining
997,496.0774198670394,38,13.054668943869459,81.52265128347952,inactive_declining
998,223.7473409011388,42,5.327317640503305,10.64157819071986,inactive_declining
999,265.48256137683506,46,5.771360029931197,14.031210705160818,inactive_declining
1000,903.9201151800411,36,25.108892088334475,156.5756699839889,inactive_declining
